Cc;nombres;primer_apellido;segundo_apellido;fecha_de_contratacion;sede;estrato;edad ;cargo;sueldo
53161120;ANGELA MILENA;BECERRA;RUIZ;01/01/2002;1;1;21;1;2622537
3081583;VICTOR RAFAEL;BERNAL;GUERRA;01/02/2004;2;2;41;2;2975989
10060018;JUAN CARLOS;VELASQUEZ;GUZMAN;01/01/2002;3;3;43;3;3263745
80111614;JAVIER;LESMES;ROMERO;01/01/2006;4;4;21;4;3450622
52411436;MAGDA CONSTANZA ;GOMEZ;TORRES;01/02/2002;5;5;36;1;2823060
80240800;EDWIN CARLOS;HERRERA;CASTIBLANCO;01/01/2004;5;6;35;2;1532655
10662101;HECTOR ALBERTO;GONZALEZ;SERRATO;01/01/2004;1;1;20;3;1067999
10160114;NELSON EDUARDO;NAVARRETE;PALACIOS;01/02/2000;2;2;55;4;2465676
10188530;FERNANDO;;BEJARANO;01/01/1998;3;3;47;1;3589816
10830018;DUSTIN VELLER;SARMIENTO;MORALES;01/02/1997;4;4;19;2;1278367
26428403;CLAUDIA PATRICIA;GUTIERREZ;SANCHEZ;01/01/2001;1;5;22;3;1876679
80103551;MICHAEL;PAVA;IBAÑEZ;01/01/2001;2;6;34;4;3784038
10601504;JOHN JAIRO;HIGUERA;PACHON;01/01/2001;3;5;28;1;2861325
10001360;JOHN FREDY ;ALVAREZ;ZABALA;01/01/2000;4;6;39;2;3171663
10240461;ROBERTO;CORTES;PARDO;01/01/1999;5;1;50;3;2057801
52180601;SANDRA JANETH;MEJIA;CASTRO;01/01/1999;5;2;20;4;3788487
10862146;MAURICIO HUMBERTO;TRUJILLO;MARTINEZ;01/01/1999;1;3;19;1;2702883
10121850;JOHN ALEXANDER;;HERNANDEZ;01/01/1999;2;4;59;2;1017462
18000500;MAXIMILIANO;GONZALEZ;VELEZ;01/01/2000;3;5;60;3;2423371
10041063;FRANCISCO ALEXANDER;BERMUDEZ;MURCIA;01/01/2000;4;6;64;4;3171099
10120010;JAVIER MAURICIO;MORALES;ALBARRACIN;01/02/1996;5;1;49;1;2068529
80546014;JULIO ALEJANDRO;SALDAÑA;ZAMORA;01/01/2000;5;2;60;2;2279236
52010586;SANDRA MILENA;BELTRAN;AMEZQUITA;01/01/2000;1;3;49;3;1633143
10111120;OSWALDO;AREVALO;ACOSTA;01/02/1998;2;4;36;4;3639051
52303340;CAROLINA;GONZALEZ;ARANDIA;01/02/1998;3;5;43;1;1873752
10863460;HENRY NELSON;TAPIA;MORENO;01/02/1999;4;6;59;2;2870108
80032421;LUIS FERNANDO;BERMUDEZ;GUZMAN;01/01/2001;5;1;62;3;2225483
10066641;CARLOS AUGUSTO;QUEVEDO;FORERO;01/01/1999;1;2;58;4;1440785
13055612;GUSTAVO EDUARDO;SANCHEZ;FONTECHA;01/02/2005;2;3;43;1;2381410
80002482;SERGIO ANDRES;VARGAS;PEREZ;01/02/2001;3;4;64;2;3101742
13051882;CARLOS FERNANDO;PARDO;ARIZA;01/01/2002;4;5;49;3;1053581
10054656;JOSE EDUARDO;NOVOA;RODRIGUEZ;01/01/2003;5;6;43;4;2024132
10013311;JUAN CAMILO;NOVOA;RODRIGUEZ;01/01/2003;5;5;64;1;3530614
52161145;FRANCY;RENGIFO;VENEGAS;01/01/2002;1;6;24;2;1092811
52110511;SONIA;MONTOYA;GUTIERREZ;01/02/2003;2;1;32;3;2438400
52181221;ANA BELTSY;GONZALEZ;ARIAS;01/01/2002;3;2;54;4;858219
10883540;ANDRES MAURICIO;OSPINA;VALENCIA;01/01/2004;4;3;53;1;3129551
52443300;CRISTINA;ACEVEDO;ALONSO;01/02/2002;1;4;56;2;2616492
10111206;CARLOS ALBERTO;LOPEZ;RUIZ;01/01/2004;2;5;36;3;3547193
52012320;MABEL FERNANDA;PORRAS;GONZALEZ;01/02/2000;3;6;60;4;1266774
10011431;MAICOL FABIAN;GALINDO;LEON;01/01/2005;4;1;57;1;2888186
80121002;OSCAR DARIO;DIAZ;FLOREZ;01/01/2005;5;2;22;2;2543290
10010458;JERSON JOSION;CARANTON;GONZALEZ;01/01/2005;5;3;67;3;2873036
10030110;WILMAR ALEXANDER;TELLEZ;PACHECO;01/01/2005;1;4;59;4;3036561
52060221;DIANA CAROLINA;HURTADO;RODRIGUEZ;01/02/2003;2;5;65;1;1271254
10648285;EFRAIN JAVIER;LEON;GAITAN;01/02/2003;3;6;35;2;3861049
10101142;WILMER JAIR;GARZON;FLORES;01/02/2003;4;1;31;3;3649416
53008333;ADRIANA YANNETH ;PUERTO;CIFUENTES;01/01/2006;5;2;44;4;2054785
35416238;JACQUELINE;CAMACHO;CORDERO;01/01/2006;5;3;47;1;3037262
8626600;CARLOS ALBEIRO;RAMIREZ;DAVILA;01/01/2007;1;4;27;2;3787946
1032381042;JOSE MANUEL ;CASTILLO;CORDOBA;01/02/2011;2;5;60;3;2855754
1010005541;DIANA CAROLINA;ESCOBAR;CAMACHO;01/01/2007;3;6;26;4;1023392
16325204;FRANCISCO JOSE;CORREDOR;CALDAS;01/01/2004;4;5;47;1;3371549
20401120;ALEXANDRA;CESPEDES;AGUDELO;01/02/2004;5;6;30;2;3828521
53121605;JULIETH MAGALY;CASTRO;MALDONADO;01/02/2004;5;1;56;3;3138389
1020126481;KATHERINE;SARMIENTO;PULIDO;01/01/2006;5;2;30;4;2104539
80815410;CARLOS ENRIQUE;FARFAN;ARDILA;01/01/2006;5;3;38;1;3562739
13011112;OMAR FERNANDO;QUIROZ;TOBAR;01/02/1994;1;4;23;2;1660391
10551680;CARLOS ALFREDO;MALAGON;PIZA;01/01/2001;2;5;50;3;3810858
52345643;JENNY CAROLINA ;PERDOMO;GONZALEZ;01/02/1996;3;6;60;4;2351348
10011810;HERNAN ALONSO;MARTINEZ;PRIETO;01/01/2000;4;1;24;1;1476123
10180033;JAVIER RICARDO;CORTES;HERNANDEZ;01/02/2001;5;2;45;2;3491979
52301020;PAOLA JIMENA;BARRAGAN;PRIETO;01/02/1998;5;3;67;3;2018789
52056641;YENNY YESMAR;PEDREROS;MARTINEZ;01/01/2001;1;4;44;4;2702271
10100058;ALEJANDRO;GUTT;PILONIETA;01/02/1999;2;5;18;1;1673659
52403025;ANGELA FERNANDA;CARVAJAL;CALDERON;01/01/1999;3;6;20;2;1398085
52102852;LUZ MELBA;MOSQUERA;BUSTOS;01/01/1999;4;1;66;3;2081331
53045068;DEYSI PATRICIA;GARNICA;GUZMAN;01/01/2001;5;2;30;4;3162549
10000881;ANDRES RICARDO;BARRERO;PINZON;01/01/2001;5;3;41;1;3904287
10102281;WILSON;ARCE;TABARES;01/01/2002;1;4;35;2;1144683
80105062;DIEGO ANDRES;MORA;MENDOZA;01/01/2003;2;5;46;3;1292997
80544550;JAIRO ANDRES;NAVA;GOMEZ;01/02/2004;3;6;38;4;1463851
42144045;MARIA MARGARITA;CHARRY;FARACO;01/02/2004;4;5;42;1;944903
51435503;SANDRA DEL PILAR;CALVO;CASTAÑEDA;01/02/1998;1;6;21;2;3829666
80001851;DAVID MAURICIO;MESA;FLAUTERO;01/02/2001;2;1;55;3;2739095
3028058;JHON FREDY;SARMIENTO;GARZON;01/02/1999;3;2;31;4;2418597
10604100;CESAR AUGUSTO;MENDIVELSO;GARZON;01/01/1999;4;3;63;1;3005584
52350856;JACQUELINE;LAVACUDE;CHAPARRO;01/01/1999;5;4;29;2;2968628
80121261;CARLOS FERNANDO;HERRERA;MONTAÑA;01/01/2003;5;5;47;3;1830765
53082284;VIVIANA STEPHANIE;LUNA;CAMACHO;01/02/2002;1;6;40;4;1816123
80502183;LEONADES ALBERTO;BARBOSA;TOVAR;01/01/2006;2;1;26;1;1841435
10040085;CARLOS ANDRES;GONZALEZ;RODRIGUEZ;01/02/2002;3;2;63;2;3384586
30808013;LEONOR EUGENIA;GALVEZ;BOTERO;01/01/2004;4;3;47;3;3868058
10130884;JHON JAIRO;MORALES;BERMUDEZ;01/02/2002;5;4;33;4;2660001
10818232;ALVARO ALONSO;GOMEZ;HERNANDEZ;01/02/2000;5;5;58;1;2730758
80000822;LEONARDO;LUNA;MARTINEZ;01/02/2000;1;6;25;2;3641321
52202210;ALBA DIVINA;ORTIZ;ZAMORA;01/01/1998;2;1;32;3;1297614
10680161;DAVID ALBERTO;HERRERA;NIETO;01/01/1998;3;2;66;4;1383081
80036105;ALEXANDER;PEÑA;BRETON;01/02/2010;4;3;54;1;3965586
80003124;MIGUEL ANGEL;CAMARGO;SANCHEZ;01/02/2006;5;4;58;2;3911000
10882042;JOHN SERGIO;PENNA;GUTIERREZ;01/01/2010;1;5;64;3;3441902
10100046;ANDRES FELIPE;ALTAMIRANDA;RESTREPO;01/02/1998;2;6;45;4;2967692
52314500;LUZ MARINA;RAMIREZ;VALENCIA;01/02/2007;3;5;58;1;3980011
10021460;JUAN CARLOS;ARIZA;SUAREZ;01/01/2008;4;6;38;2;1328811
80150321;ROBERT;GUERRERO;ARIZA;01/01/2008;5;1;57;3;2400063
52051131;JULIE ALEXANDRA;RATIVA;CASTAÑEDA;01/01/2008;5;2;53;4;3385846
53082436;OLGA PAOLA;MORERA;JARAMILLO;01/01/2003;1;3;19;1;2237977
1101152810;CAMILO ANDRES;PARDO;ARIZA;01/01/2004;2;4;49;2;1178357
52182101;ANA CRISTINA;MEJIA;MANRIQUE;01/02/2006;3;5;30;3;1317816
10881801;YESID ALEXANDER;VEGA;ROA;01/01/1998;4;6;38;4;1148112
80022311;JHON DEIVY;LOPEZ;DURAN;01/02/1997;1;1;70;1;961020
10534302;FERNANDO ENRIQUE;TRIANA;GUEVARA;01/01/2000;2;2;30;2;2246215
41116105;ALBA MARINA;MANJARRES;MONTERO;01/01/2000;3;3;21;3;1404676
10686105;MANUEL RAFAEL;SARMIENTO;ABONDANO;01/02/1998;4;4;29;4;2695930
52054205;ANDREA;SANCHEZ;SANABRIA;01/01/2001;5;5;69;1;2605407
10664511;OSCAR JAVIER;VEGA;VELA;01/01/1999;5;6;55;2;2709246
52803802;MYRIAM CATALINA;RAMIREZ;CHACON;01/01/2001;1;1;27;3;3192581
1020113148;ANA MARIA CAMILA;GORDILLO;REDONDO;01/02/2005;2;2;53;4;2010647
10882010;ROBINSON;MARIN;URQUIJO;01/01/2003;3;3;63;1;1544793
10500080;JESUS ANTONIO;SIERRA;MURILLO;01/01/2003;4;4;60;2;1162548
52153550;MARIBEL ;RODRIGUEZ;VALDEZ;01/02/2010;5;5;50;3;2239302
10151104;IVAN DARIO;RODRIGUEZ;PEÑA;01/01/2002;5;6;44;4;1401602
51062115;NANCY ELENA;RUEDA;CASTAÑEDA;01/01/2002;1;5;45;1;3005426
10443415;SERGIO ARMANDO;CASTAÑEDA;BELTRAN;01/02/2003;2;6;68;2;1748796
10244555;JAVIER ALBERTO;;EPIA;01/02/2003;3;1;42;3;2982521
10504611;IVAN AUGUSTO;ARANGO;VILLAREAL;01/02/2003;4;2;63;4;3729179
52530030;LESVI MIREYA;BAUTISTA;MERCHAN;01/01/2004;5;3;18;1;885499
80185032;JAIME ALEXIS;ALVAREZ;CASTELLANOS;01/01/2006;5;4;36;2;920309
10882283;MILTON URIEL;CASAS;DIAZ;01/02/2000;5;5;19;3;1504637
10626053;JUAN CARLOS;BONILLA;GOMEZ;01/02/2000;5;6;28;4;2315366
18402155;JUAN CARLOS;MORA;RAMIREZ;01/02/2000;1;1;28;1;1598768
80131310;NESTOR CAMILO;RIVERA;RAMIREZ;01/02/2000;2;2;29;2;3536253
80160500;LUIS MAURICIO;JIMENEZ;VERGARA;01/01/2005;3;3;63;3;2388062
10114123;JUAN CARLOS ;MENDEZ;BULLA;01/01/2005;4;4;57;4;1718931
53040801;SANDRA MILENA;ARANGO;CALDERON;01/02/2003;5;5;65;1;1054845
52265085;MARIA HELENA;DONADO;REYES;01/01/2005;5;6;64;2;2796235
80161124;DIEGO ENRIQUE;DELGADO;RODRIGUEZ;01/01/2002;1;1;41;3;2178147
52108143;CATALINA;PUENTES;BARON;01/01/2005;2;2;21;4;2488704
11202405;ANDRES MARTIN;FARFAN;TORO;01/01/2007;3;3;29;1;3917663
1013582120;MAYKOS FERNANDO;PINZON;VELASCO;01/02/2005;4;4;24;2;3727667
1032363001;ERIKA ANDREA;RODRIGUEZ;CARDENAS;01/02/2006;5;5;31;3;2025049
52354240;CATALINA ANDREA;PINILLA;BARRAZA;01/01/2007;5;6;60;4;2183631
80150105;ANDRES FERNANDO;QUIROGA;CORTES;01/02/2007;1;5;56;1;966855
80815236;ERNESTO;RAMIREZ;CASTILLO;01/01/2008;2;6;67;2;868267
52031153;JUDDY KATHERINE;;JIMENEZ;01/02/2008;3;1;46;3;2446432
1026256033;ANDRES FELIPE;BELTRAN;ZAMBRANO;01/01/2006;4;2;46;4;2951049
80086118;PEDRO JULIO;LUGO;BELLO;01/01/2006;1;3;58;1;3516442
10564143;ALEXANDER;CALDERON;RONCANCIO;01/01/1998;2;4;53;2;3333058
40438653;LIA MILENA;MARULANDA;BOLAÑOS;01/02/2000;3;5;61;3;3561793
80103011;MIGUEL ANTONIO;AGUDELO;ZEA;01/01/2002;4;6;49;4;3897579
20100401;CAROLINA;MONTAÑO;ZULUAGA;01/01/2005;5;1;57;1;1139263
10110116;CAMILO;MORALES;MALDONADO;01/01/2002;5;2;40;2;3535096
1015651211;JOHANNA ANDREA;FORERO;VARGAS;01/01/2002;1;3;45;3;1923732
80134510;LUIS CARLOS;SARMIENTO;CAÑAVERAL;01/01/2005;2;4;45;4;1747157
52160063;MARIA TERESA;JIMENEZ;ROA;01/01/2005;3;5;37;1;2987164
80036811;JHON ERIK;DIAZ;GARCIA;01/02/2003;4;6;27;2;2000053
11203264;MARTIN;ROJAS;TALERO;01/01/2005;5;1;26;3;3397998
80002130;LUIS GUSTAVO;GOMEZ;DIAZ;01/02/2005;5;2;68;4;2851283
80840104;JOHN ALEXANDER;;PORRAS;01/01/2006;1;3;34;1;3372002
10550113;FELIPE HERNANDO;RINCON;HERRERA;01/01/2001;2;4;43;2;3045737
10641208;HECTOR URIEL;MORENO;GUEVARA;01/02/2014;3;5;57;3;989063
10044132;JOHN JAIRO;DE LA ESPRIELLA;TIRADO;01/01/2006;4;6;21;4;1226581
10612656;IVAN DARIO;PADILLA;AGUDELO;01/02/2011;5;5;30;1;1588773
80015210;CARLOS ALBERTO;YEPES;RODRIGUEZ;01/01/2013;1;6;70;2;3894969
80161131;ANATOLIO;DIAZ;JIMENEZ;01/02/2007;2;1;37;3;2796949
1010166131;JHONATAN ALEXANDER;VARGAS;PUMAREJO;01/02/2007;3;2;62;4;3330085
53161062;AIDA SEMILDE;;CAMARGO;01/01/2004;4;3;42;1;2461311
1032400001;WILSON;CALDERON;ALZATE;01/02/2004;5;4;27;2;1064175
1014128050;SONIA ESPERANZA;GUTIERREZ;GUTIERREZ;01/02/2004;5;5;48;3;2024401
1010168633;DIEGO  FELIPE;CORTES;CAMPOS;01/01/2006;1;6;67;4;3785157
80111863;DAVID ALEJANDRO;BLANCO;RODRIGUEZ;01/01/2006;2;1;46;1;2369733
13611131;MAURICIO;PEÑA;LUENGAS;01/01/2010;3;2;34;2;1561626
65104351;ANDREA CAROLINA;MARIÑO;MONTAÑA;01/01/2001;4;3;39;3;3221833
80182414;MAURICIO;PAEZ;MOYA;01/01/2000;1;4;66;4;2690984
65104013;PATRICIA;PADILLA;VELOSA;01/01/1999;2;5;57;1;2752758
52015085;ANGELA;VERA;LANDAZABAL;01/01/1999;3;6;55;2;1479017
52301551;ANDREA GUISSEL;NIÑO;ALBARRACIN;01/02/1998;4;1;65;3;1917094
10800021;OSCAR FERNANDO;LEON;OSPINA;01/02/1999;5;2;51;4;3082843
10110856;JUAN CARLOS;ZABALA;CUESTAS;01/02/1995;5;3;47;1;2069905
10056856;CARLOS NICOLAS;MARTIN;MARTINEZ;01/01/1999;1;4;56;2;3134370
52118465;YURY ANDREA;AYALA;VIVAS;01/01/2001;2;5;45;3;3801303
8434815;LUIS FERNANDO;CORREA;TIRADO;01/02/2005;3;6;54;4;1006788
1016002012;DIEGO ARMANDO;NARANJO;MORALES;01/01/2003;4;5;59;1;3209340
10058035;CESAR ALBERTO;PEÑA;SOTOMONTE;01/01/2002;5;6;35;2;3785656
80131466;JOHABAN FRANCISCO;BARRETO;CASTIBLANCO;01/02/2004;5;1;61;3;2381272
10501000;JANIOR ORLANDO;CICERY;CASTAÑEDA;01/02/2004;1;2;46;4;2662737
52334080;ROSA LILIANA;PACHON;PUENTES;01/01/2002;2;3;57;1;2164563
51804326;ALBA ROCIO;BLANCO;MENDEZ;01/02/2003;3;4;37;2;815450
10483120;ALVARO ;TATIS;TORRES;01/02/2002;4;5;18;3;2989232
80226510;JOHAN SEBASTIAN;PRIETO;PARRA;01/02/2002;5;6;33;4;1046453
80815621;EDGAR DAVID ;DUARTE;SUPELANO;01/02/2003;5;1;61;1;1929836
43813568;ERICA BIBIANA ;CORREA;BERRIO;01/01/2003;5;2;18;2;3894384
10803668;LUIS ALBERTO;GOMEZ;BONILLA;01/01/2005;5;3;56;3;3555075
80208134;WILBER ALEXANDER;CLAVIJO;CASTIBLANCO;01/02/2006;1;4;39;4;3968547
10621038;LUIS HERNANDO;LOZANO;SABOGAL;01/02/2003;2;5;28;1;2478378
10030134;JAIRO ALBERTO;LOZANO;FLOREZ;01/01/2007;3;6;36;2;1815805
15145105;FRANCISCO EMILIO;LOPEZ;MONTOYA;01/01/2011;4;1;61;3;3687619
540253;CARLOS HUMBERTO;BARINAS;CRUZ;01/01/2011;5;2;33;4;3010795
52431480;LUZ ADRIANA ;CARDONA;FRANCO;01/01/2004;5;3;54;1;2000242
30810281;NUBIA  ESPERANZA;BALLEN;AHUMADA;01/02/2006;1;4;28;2;1966221
52311216;SILVIA LILIANA;TORRES;AMADO;01/02/2005;2;5;44;3;2096208
80002548;CARLOS ADOLFO;OSORIO;ROSALES;01/01/2014;3;6;47;4;2964667
80184104;FREDY AUGUSTO;GONZALEZ;GIL;01/02/2010;4;5;17;1;2954247
10846408;HERMES JULIO;BERNAL;ROJAS;01/01/2000;5;6;51;2;3969573
10246483;YORGI;RAMIREZ;GARCIA;01/01/1993;5;1;38;3;1662440
10468084;WILSON;TORRES;WILCHES;01/02/1997;1;2;25;4;1576538
10106003;JAIME ORLANDO;SANCHEZ;BRICEÑO;01/02/1997;2;3;55;1;3473356
52310186;YAMILY;CORREDOR;ZACIPA;01/02/2000;3;4;39;2;908259
10313410;CIRO ALFONSO;CUBILLOS;HERRERA;01/01/2000;4;5;45;3;3324121
80018114;DIEGO ANDRES ;VARGAS;RODRIGUEZ;01/01/2000;1;6;23;4;1247884
30305138;MARCELA DEL PILAR;PRADO;PATIÑO;01/02/1998;2;1;30;1;2322237
80130804;DIEGO FERNANDO;ARIAS;VERGARA;01/01/2000;3;2;59;2;896804
52320104;ALMA MILENA;RAMIREZ;HERNANDEZ;01/01/2000;4;3;18;3;2560791
10066846;CAMILO ANDRES;PRIETO;TELLEZ;01/02/1999;5;4;68;4;1829447
10080103;JUAN CARLOS;ENTRALGO;AVELLANEDA;01/01/1999;5;5;26;1;3397732
80035500;DAVID MIGUEL;RAMOS;CRUZ;01/01/2001;1;6;45;2;2439299
10040605;ANDRES ALBERTO;ALFARO;MONTENEGRO;01/01/2001;2;1;47;3;3368737
10483020;ANDRES;GIRALDO;LASCAR;01/01/2001;3;2;38;4;1472450
10101631;CESAR ENRIQUE;RUBIO;TIBADUIZA;01/02/2004;4;3;35;1;3005321
80034236;WILSON ANDRES;ARIAS;LADINO;01/01/2002;5;4;60;2;2979663
10625053;JORGE ENRIQUE;PIÑEROS;MARTINEZ;01/01/2002;5;5;21;3;1321825
52518104;ROOS MARY ;GONZALEZ;ROMERO;01/02/2005;1;6;45;4;3198070
10000253;JESUS EVELIO;BUENO;MARIN;01/01/2002;2;5;37;1;2062651
11340805;CESAR HUMBERTO;CASTAÑEDA;GANTIVA;01/02/2002;3;6;69;2;1068240
10602535;NELSON ENRIQUE;VARGAS;MORENO;01/02/2002;4;1;62;3;3631732
1168165;ALEJANDRO;RINCON;AVENDAÑO;01/01/2004;5;2;39;4;2965384
80845810;DANIEL GERARDO;GOMEZ;MONCADA;01/01/2004;1;3;51;1;3523572
80011001;HELDER VALENTINO;DELGADO;HIGUERA;01/02/2006;2;4;20;2;1293876
80438013;ALEXANDER;BUSTOS;PINILLA;01/02/2000;3;5;48;3;2776213
1032350606;EDWIN;MENESES;GOMEZ;01/01/2005;4;6;44;4;3036408
30535021;MARIA EUGENIA;ZORRO;MARTINEZ;01/01/2002;5;1;20;1;2098321
53066105;JUANITA;MALDONADO;LEON;01/02/2006;5;2;28;2;3159273
10136583;GIOVANNY;AVILA;AVILA;01/01/2007;1;3;61;3;2351247
80220008;WILLIAM ALBERTO;GARZON;RAMIREZ;01/01/2007;2;4;45;4;3063781
52882646;LUZ  MARY;CASTAÑEDA;VARGAS;01/02/2005;3;5;19;1;1064652
80202305;DANIEL ENRIQUE;ZAMORA;VARELA;01/01/2006;4;6;42;2;2843967
10120345;JOSE FERNANDO;GOMEZ;BEDOYA;01/02/2013;1;1;55;3;918274
14014014;CARLOS ALFREDO;HERRERA;GOMEZ;01/02/2007;2;2;55;4;2627311
80088848;FELIPE ANDRES;AGUILAR;ZARAZA;01/01/2008;3;3;33;1;3593397
1026250408;NATALIA;GARCIA;RODRIGUEZ;01/02/2008;4;4;44;2;2972206
10841364;GUSTAVO ADOLFO;ROJAS;SUÁREZ;01/02/2008;5;5;34;3;2259138
52805101;JUANA ANDREA ;MONROY;PRIETO;01/02/2004;5;6;17;4;2271491
10056630;UGO ENRICO;LOPEZ DE MESA;ALBARELLO;01/02/2010;1;5;18;1;2775080
52066412;ANA CAROLINA;GONZALEZ;MARTINEZ;01/01/2001;2;6;22;2;3065215
11435151;ADILIO;HERNANDEZ;PARDO;01/01/2000;3;1;40;3;1386969
40048040;LAURA JULIETA;SANCHEZ;OCHOA;01/01/2000;4;2;47;4;3344526
10521031;LEONARDO FABIO;MONTAÑO;AMADOR;01/01/1999;5;3;60;1;3896552
21021184;FLOR YOLANDA;ALONSO;CLAVIJO;01/01/1999;5;4;46;2;3990019
10602665;MARIO FERNANDO;CANO;RAMIREZ;01/02/1991;1;5;49;3;2849326
14324042;JUAN ANDRES;AMEZQUITA;SUAREZ;01/02/1997;2;6;62;4;1269182
3124001;WILSON;CALDERON;GUZMAN;01/01/1994;3;1;28;1;3239061
80186315;ANDRES FELIPE;ARTUZ;RODRIGUEZ;01/01/2000;4;2;43;2;958806
10118654;JOHAN ALEJANDRO;MARTINEZ;PRIETO;01/01/2000;5;3;44;3;2028434
10520211;HIGINIO HUMBERTO;PIÑA;BELTRAN;01/01/2000;5;4;64;4;2741941
1681604;GUILLERMO;POLANIA;MEJIA;01/01/2001;5;5;38;1;1889029
52150116;CLAUDIA PATRICIA;ROA;AREVALO;01/01/2000;5;6;57;2;2973205
80006403;JOHN JAIRO ;RODRIGUEZ;FRANCO;01/02/2001;1;1;23;3;1833390
52800511;ZULLY JOHANNA;SALAZAR;SIERRA;01/02/1998;2;2;20;4;2246728
52261505;INES ELVIRA;CANCELADO;MORENO;01/02/1999;3;3;36;1;2315520
53108115;JULIANA;OSSA;SOLANILLA;01/02/2003;4;4;21;2;3880971
53061118;ANGELA CONSUELO;MOREA;PERDOMO;01/01/2002;5;5;45;3;1722598
10308511;PEDRO LUIS;VALENCIA;OCAMPO;01/01/2002;5;6;37;4;1968394
80101003;JAVIER EDUARDO;JIMENEZ;DELGADO;01/01/2002;1;5;19;1;2620891
30800386;NAIRA YADIRA ;ROJAS;HERNANDEZ;01/01/2003;2;6;43;2;3406283
80240115;CESAR ALONSO;ROMERO;TURRIAGO;01/01/2003;3;1;20;3;3711400
52068503;ELSY BIBIANA;ROSAS;GALINDO;01/02/2004;4;2;70;4;2632367
80230434;LUIS FELIPE;NUÑEZ;RAMIREZ;01/01/2002;5;3;67;1;849180
51804160;AMANDA STELLA;RODRIGUEZ;PEDRAZA;01/01/2002;5;4;20;2;2560638
11346801;HECTOR PRISCILIANO;MARTINEZ;TOBAR;01/02/2003;1;5;23;3;2013830
52430661;JUDITH ALEJANDRA;CARRERA;DONADO;01/02/2003;2;6;25;4;3153377
30810500;LILIANA PATRICIA ;SANDOVAL;TORRES;01/02/2005;3;1;36;1;2302942
52816035;CLAUDIA PATRICIA;SAAVEDRA;CAMPUZANO;01/01/2006;4;2;51;2;1301481
80100125;OMAR ORLANDO;MOREANO;LAVERDE;01/01/2006;1;3;28;3;2290671
80418232;GERARDO;;ZARATE;01/02/2000;2;4;60;4;3657950
10513612;JOHN JAIRO;LOZANO;SANCHEZ;01/02/2000;3;5;57;1;3541776
10043311;CAMILO ANDRES;TARQUINO;RODRIGUEZ;01/02/2005;4;6;43;2;1600422
10810023;JUAN CARLOS;MOYA;GARCIA;01/02/2012;5;1;32;3;3899714
52004401;ANGÉLICA MARÍA;TORO;CANO;01/01/2007;5;2;41;4;1432423
80142525;DENIZ ANDRES;JIMENEZ;LARA;01/01/2008;1;3;18;1;1518545
1031123336;DIEGO ARMANDO;ALFONSO;HERNANDEZ;01/02/2008;2;4;31;2;2264973
1018422400;BRYAND EDUARDO;PALACIOS;SÁNCHEZ;01/02/2008;3;5;36;3;2491917
10856885;MIGUEL ALEJANDRO;GALINDO;FLOREZ;01/01/2007;4;6;62;4;1282109
80033628;RUBEN DARIO ;SANCHEZ;QUINTERO;01/02/2000;5;5;34;1;1413931
80018830;YENNER ;CORDOBA;MORENO;01/01/2001;5;6;34;2;1921145
10104861;WILSON ENRIQUE;LOPEZ;CASTELLANOS;01/02/2011;1;1;42;3;2848861
80062102;JOSE ALFREDO;PERALTA;BARON;01/01/2005;2;2;63;4;3780711
1018415421;CAROLINA;DIAZ;MELO;01/01/2006;3;3;48;1;2628432
1013500882;JHON ALEXANDER;GRANDAS;APONTE;01/01/2006;4;4;54;2;3286904
80004504;CAMILO ALEXANDER;VELANDIA;CASAS;01/01/2006;5;5;25;3;2653119
10166532;ANDRES DAVID;AVILA;FORERO;01/01/2006;1;6;41;4;1633067
1085241420;JUAN FERNANDO;SALAZAR;JIMENEZ;01/02/2006;2;1;57;1;2017482
52021166;MARCELA;RUIZ;ESCAÑO;01/02/2010;3;2;32;2;3261608
80233008;DARWIN HERNAN;SANTISTEBAN;CAMELO;01/01/1999;4;3;61;3;2839067
10058510;ANDRES;ROJAS;MANCERA;01/01/1999;5;4;65;4;1650056
80151806;HOLMAN URIEL;MARTINEZ;GARAY;01/01/2000;5;5;42;1;1053341
14180150;RONNY JAVIER;MESA;MESA;01/02/2000;1;6;69;2;2472874
80056512;JHON ALEXANDER;RIVERA;GARCIA;01/01/2000;2;1;53;3;3558694
52011031;EDNA CONSTANZA;GONZALEZ;MUÑOZ;01/01/2000;3;2;24;4;810923
52108518;LUISA FERNANDA;MEJIA;BASTO;01/01/2000;4;3;59;1;2512772
12103401;CARLOS HUMBERTO;LOPEZ;QUINTERO;01/01/2000;1;4;65;2;2646726
80503611;ALEXANDER;RODRIGUEZ;FONSECA;01/01/2000;2;5;22;3;2248036
80054800;HECTOR LEONARDO;VARGAS;CHAPARRO;01/02/1998;3;6;65;4;1673751
10685321;GIOVANNI ALEJANDRO;TRIANA;GARCES;01/01/2001;4;5;33;1;2340721
52061182;XIMENA DEL PILAR;PEDRAZA;CASTIBLANCO;01/01/2001;5;6;41;2;1031207
52534065;MARIA FERNANDA;CHARRY;LOPEZ;01/01/1999;5;1;42;3;1438898
10188184;JUAN CARLOS;PANQUEVA;DELGADO;01/01/1999;1;2;40;4;1130148
52060441;MARIA CATALINA;PACHON;NIÑO;01/01/2003;2;3;39;1;3415083
80002161;DANIEL;GUARIN;GARAVITO;01/02/2004;3;4;17;2;2233567
10420140;CESAR ALONSO;PEÑA;LINARES;01/02/2003;4;5;70;3;2297557
10625811;DANIEL;ROMERO;BAHOS;01/02/2003;5;6;34;4;3809656
52645035;MARIA ESTHER;MARTINEZ;LARA;01/01/2002;5;1;54;1;3826780
52561584;ADRIANA DEL PILAR;RUBIANO;PARRA;01/01/2002;1;2;69;2;1499378
80051021;WILLIAM FERNANDO;CONTRERAS;CABALLERO;01/02/2005;2;3;30;3;1156749
52052123;ADRIANA DOLORES;DUQUE;MONTAÑEZ;01/01/2004;3;4;70;4;938345
10055831;NELSON;PINEDA;PINZON;01/02/2000;4;5;60;1;1377557
10062148;ANDREZ;SALAZAR;LAMOUROUX;01/01/1998;5;6;42;2;2994498
10055248;FERNANDO;ZAPATA;DUARTE;01/01/1998;5;1;34;3;2794634
80004334;JOSE FERNANDO;ROA;CASTELLANOS;01/01/2005;5;2;63;4;3733584
80102801;FRANK EDWIN;RUBIO;HERREÑO;01/01/2005;5;3;34;1;2430771
10840413;JOSE ANDRES;MENDEZ;BULLA;01/01/2005;1;4;64;2;3603819
65151561;NUBIA ESPERANZA;LEGUIZAMON;BONILLA;01/01/2002;2;5;45;3;1489029
10648442;GUSTAVO ANDRES;ARIAS;VARGAS;01/01/2005;3;6;49;4;3977419
10008611;JUAN ANDRES;BARAHONA;CASTAÑEDA;01/02/2010;4;5;47;1;1691815
80110113;VICTOR MANUEL;SANCHEZ;DUEÑAS;01/01/2006;5;6;17;2;3237738
1082154326;HUGO FERNANDO;RAMOS;CASTILLO;01/02/2003;5;1;43;3;3491435
10816134;ANGEL ANDRES;PARADA;NEIRA;01/02/2006;1;2;27;4;3663148
10130581;PABLO GIOVANNI;LOPEZ;FELAIFEL;01/01/2007;2;3;69;1;3788244
80064632;EFRAIN;FONTECHA;GONZALEZ;01/01/2004;3;4;53;2;2578825
80025804;FELIX LEONARDO;FONSECA;GUERRERO;01/01/2004;4;5;64;3;2381224
1018426106;LINA JINETH;CAMARGO;RODRIGUEZ;01/02/2005;5;6;57;4;1101439
1022340420;ANDREA DEL PILAR;PINILLA;TORRES;01/01/2006;5;1;52;1;3434063
10862128;MANUEL ALEJANDRO;ORTIZ;PUERTO;01/02/2011;1;2;57;2;1349515
80655021;JUAN FERNANDO;ALARCON;PINILLA;01/02/2005;2;3;62;3;1021344
10841235;JHON JAIME;MARTINEZ;CALDERON;01/01/2009;3;4;21;4;2477843
11440406;LUIS FERNANDO;DURAN;AGUILAR;01/01/2000;4;5;64;1;3627354
10041153;DARIO GERARDO;ZAMBRANO;BARRERA;01/01/2000;1;6;68;2;2828681
86042011;JUAN ANTONIO;CORTAZAR;ORTEGON;01/01/2000;2;1;53;3;1878962
80180318;JUAN MANUEL;RODRIGUEZ;CLAVIJO;01/01/1999;3;2;41;4;2941460
10001330;FREDY ALEXANDER;JARA;CHAVARRO;01/02/2000;4;3;24;1;1809777
80105121;JOHN ALEJANDRO;SIERRA;RODRIGUEZ;01/02/2009;5;4;31;2;3893323
1050053102;EDINSON ANDRES ;CACERES;DURAN;01/02/2010;5;5;18;3;1407306
80101222;ANDRES FELIPE;INFANTE;NOVOA;01/01/2009;1;6;41;4;1008814
10155545;FABIAN ALBERTO;CAMARGO;GORDILLO;01/01/2010;2;5;29;1;1095123
1016013106;JHONNY ALEXANDER;ARZAYUS;SANTAMARIA;01/02/2009;3;6;29;2;1296291
52421623;PAOLA ANDREA;RAMIREZ;BASTIDAS;01/02/2009;4;1;58;3;3866811
4538351;NORMAN ARBEY;CORREDOR;ARIAS;01/01/2011;5;2;28;4;1488153
52031434;ANA ISABEL;BAUTISTA;MOSQUERA;01/02/2010;5;3;38;1;1084602
1023021811;JESUS ENRIQUE;CELIS;BAYONA;01/02/2010;1;4;29;2;2243170
1010188001;JULIETH ANDREA;CERON;CUELLAR;01/02/2010;2;5;35;3;2197974
1030520030;SERGIO IVAN ;LOAIZA;AVILA;01/02/2011;3;6;49;4;2917212
21601650;CAROLINA;SANCHEZ;FORERO;01/01/2010;4;1;38;1;3477745
80502651;MARIO ANDRÉS;CASTAÑO;VÉLEZ;01/02/2014;5;2;43;2;3159487
1015408212;JONY EDICSON;ACEVEDO;TORRES;01/02/2012;1;3;26;3;3184612
80833022;CARLOS ANDRES;MARTINEZ;PIZA;01/02/2010;2;4;35;4;1792937
1020151081;CRISTIAN DUVÁN;GARZÓN;RAMOS;01/01/2009;3;5;47;1;2881272
1022364101;JULIAN CAMILO;MARTINEZ;SILVA;01/02/2009;4;6;57;2;3466082
80021011;HERNAN MAURICIO;GUERRERO;PRECIADO;01/01/2008;5;1;43;3;3198981
1016010121;YUDY ESMERALDA;RODRIGUEZ;SILVA;01/01/2010;5;2;47;4;1887617
10011662;FABIAN RICARDO;GARZON;GUZMAN;01/02/2009;1;3;57;1;3848807
52504110;SANDRA MILENA;TRIANA;DAZA;01/02/2009;2;4;49;2;3768761
80116160;FABIAN ARLEY;MORA;GUIZA;01/01/2010;3;5;27;3;2070610
15062125;HUGO ARMANDO ;ALZATE;HEREDIA;01/02/2010;4;6;62;4;2485762
80140818;JOHN HELBERT;TORRES;GONZALEZ;01/02/2010;1;5;17;1;3292290
11201156;RICARDO;RODRIGUEZ;GALLO;01/01/2010;2;6;58;2;3321547
1032431385;LAURA PAOLA ;CASTIBLANCO;VALBUENA;01/01/2011;3;1;20;3;1878430
10006110;JUAN PABLO;OBANDO;HINCAPIE;01/02/2010;4;2;32;4;1481792
1010001431;JISBLEIDY MARCELA;ALVAREZ;RODRIGUEZ;01/02/2010;5;3;61;1;3755914
1014200543;OMAR ANDRES;JIMENEZ;ROCHA;01/02/2008;5;4;70;2;3566986
11204018;GABRIEL JAIME;GONZALEZ;GIRALDO;01/01/2012;1;5;68;3;3703346
53001110;CLAUDIA MARCELA;ROJAS;DELGADO;01/02/2011;2;6;33;4;2515140
53803402;JENNY ALEJANDRA;ZARATE;SANCHEZ;01/02/2014;3;1;63;1;2501956
1014214385;KATHERINE TATIANA;LOPEZ;AYALA;01/01/2013;4;2;22;2;3274376
1015250808;JUAN SEBASTIAN ;TIERRADENTRO;MENDEZ;01/01/2008;5;3;18;3;3874309
65501231;SANDRA PATRICIA;ZAMBRANO;ARIZA;01/02/2008;5;4;18;4;1721977
1010020355;CAMILO ANDRES;VARGAS;MACIAS;01/02/2010;1;5;57;1;2061253
1060135401;CAMILO ANDRES;FRANCO;ACOSTA;01/02/2010;2;6;34;2;2105899
80242858;ROLANDO AUGUSTO;MALAVER;RINCON;01/02/2010;3;1;20;3;1255587
80084211;CARLOS AUGUSTO;MESA;ARCINIEGAS;01/01/2010;4;2;18;4;3296246
314213;NICOLAS MANUEL;;RUIZ;01/02/2011;5;3;69;1;1411953
88245523;ISMAEL;VARGAS;GUTIÉRREZ;01/01/2010;5;4;19;2;853576
1030551684;RODRIGO ANDREY;SIEMPIRA;RENGIFO;01/02/2010;5;5;28;3;938500
1015408020;OSCAR DANIEL;JAUREGUI;CUBILLOS;01/01/2011;5;6;66;4;1002289
1032385353;JEFFERSON;QUIROGA;ORTIZ;01/01/2011;1;5;39;1;2853895
80056351;GUSTAVO ALBERTO;OROZCO;HOYOS;01/02/2011;2;6;70;2;1731752
80242034;JUAN CAMILO;TORRES;ARIZA;01/01/2011;3;1;42;3;3510536
80241115;NEFTALY ;ARIZA;ARDILA;01/01/2012;4;2;18;4;3020157
14348188;ARIEL ALONSO;CAMELON;ASTROS;01/02/2012;5;3;63;1;3643173
1101040600;LINA MARIA ;GUTIERREZ;ORTEGA;01/01/2012;5;4;69;2;2223595
80000205;SANTIAGO;MORALES;MUNEVAR;01/02/2012;1;5;26;3;1900857
1015400518;PABLO ALEJANDRO;SALAS;MONTANEZ;01/02/2011;2;6;47;4;1867563
1016028015;DIEGO ALEJANDRO;CUBILLOS;CARDONA;01/01/2008;3;1;60;1;1064906
52550834;ROCIO IVONNE ;RAMIREZ;BELTRAN;01/02/2009;4;2;50;2;2079677
1018441600;DANNA ANDREA;BORRERO;RIAÑO;01/01/2010;5;3;34;3;1239856
80031218;DAVID FERNANDO;GOMEZ;TRUJILLO;01/02/2009;5;4;37;4;1712385
1022336083;DAVID LEONARDO;ALMONACID;CARDENAS;01/02/2009;1;5;69;1;3650315
1018412115;DANIEL CAMILO;PULIDO;QUINCHANEGUA;01/01/2010;2;6;42;2;1531498
80132436;GERMAN GABRIEL;BERNAL;ALFONSO;01/01/2011;3;1;28;3;1474471
10042012;FERNANDO;DÍAZ;CAICEDO;01/01/2011;4;2;45;4;1128542
1015308114;LIBARDO ANDRES;MORENO;TARAZONA;01/01/2011;1;3;20;1;3429493
358211;CAROLINA;LARA;SALAZAR;01/01/2011;2;4;34;2;3216639
1010046636;CRISTIAN DAVID ;QUIÑONES;GUALDRON;01/01/2012;3;5;53;3;1498967
80003128;NESTOR RAUL;TORRES;OVIEDO;01/02/2012;4;6;35;4;2365024
80826315;JOHN JAIRO;TRUJILLO;PALMA;01/02/2013;5;5;54;1;1088397
10385614;HERNANDO;CUERO;RAMIREZ;01/01/2009;5;6;46;2;1826713
1016022020;VICTOR MANUEL;CANO;ACOSTA;01/01/2008;1;1;67;3;3141605
1508601;WILLIAM JAHIR;SANCHEZ;DURAN;01/02/2009;2;2;58;4;2541844
80150100;ROBERT ALEJANDRO;CASALLAS;PINEDA;01/01/2010;3;3;56;1;994747
1026258250;LUISA FERNANDA;TIQUE;RAMIREZ;01/01/2010;4;4;21;2;3887021
80222281;JOSE LEONARDO;COBA;ALFONSO;01/02/2010;5;5;26;3;2653666
3231152;JONNY;LOMBANA;MENDOZA;01/02/2010;5;6;42;4;2676399
10120811;RAUL DAVID;CASTILLO;PEÑA;01/02/2010;1;1;36;1;3587393
10806813;JOHN ANGEL;MARTINEZ;RINCON;01/01/2010;2;2;45;2;3357531
10818581;PEDRO ANTONIO ;ALBA;ALBA;01/02/2011;3;3;31;3;1566321
1030531614;ADRIANA MARITZA;SANTAMARIA;HERNANDEZ;01/02/2010;4;4;39;4;2972280
1020156601;FABIAN ANDRES ;AYALA;ARIAS;01/02/2011;5;5;29;1;2125621
83226341;JAIME;MEDINA;PARRA;01/01/2011;1;6;25;2;3494890
80865120;MIGUEL ANGEL ;BERNAL;GARCIA;01/01/2012;2;1;50;3;3183131
1022325516;DIEGO ARMANDO;VELANDIA;JIMENEZ;01/02/2012;3;2;58;4;837753
1030600403;JOSE ALEJANDRO;LOPEZ;JAIME;01/01/2011;4;3;35;1;2371923
1018415135;CRISTHIAN ALEJANDRO;TORRES;CAYCEDO;01/01/2011;5;4;68;2;3491147
1032411433;OSCAR HERNAN;CABRA;HURTADO;01/01/2008;5;5;21;3;2954416
1031131005;NICOLAS STEVEN;CORONADO;MARTINEZ;01/02/2008;1;6;21;4;3405046
52066013;CLAUDIA PATRICIA;GUERRERO;GARAY;01/02/2010;2;5;35;1;2628128
366463;TOMAS IGNACIO;;RUIZ;01/01/2010;3;6;61;2;2322052
1015418000;PEDRO EDWIN;VARGAS;MIRANDA;01/01/2011;4;1;18;3;3964256
80016481;MIGUEL DARIO;CORTES;ROJAS;01/01/2010;1;2;21;4;2780724
80211180;DAVID ALEXANDER;CARDOZO;PEREA;01/02/2011;2;3;58;1;1851360
1020114032;JULIAN DAVID ;BELTRAN;RODRIGUEZ;01/01/2011;3;4;17;2;861362
1026261031;RAFAEL ;MONROY;BECERRA;01/01/2009;4;5;62;3;2565736
80828481;CESAR AUGUSTO;ORJUELA;CARREÑO;01/02/2010;5;6;26;4;2440193
1023884313;CRISTHIAM STIVEN;REINA;FORERO;01/02/2011;5;1;67;1;2065405
80030002;HARDY DEIMONT ;VELASQUEZ;NIÑO;01/01/2011;1;2;61;2;2270842
80104081;JAVIER ;PEDRAZA;PINZON;01/01/2012;2;3;29;3;1340391
10000185;YESID;GIRALDO;SORACIPA;01/01/2013;3;4;55;4;3007900
1014181102;DANIEL ESTEBAN;CUESTA;TELLEZ;01/02/2011;4;5;43;1;3511063
1013581483;LEIDY MARCELA;TAPIERO;GARAVITO;01/01/2010;5;6;38;2;2195341
3185121;IVAN DARIO;PEÑALOZA;GONZALEZ;01/02/2010;5;1;50;3;2987378
53014163;ANGELA MARIA;MARIN;GOMEZ;01/01/2010;1;2;64;4;2286840
10124132;EDGAR ALBERTO;DULCE;ORTIZ;01/02/2013;2;3;42;1;2116846
1031141636;RONALD STIVE;SANABRIA;GUERRERO;01/02/2010;3;4;50;2;1534456
80010401;DENYS NORVEY;PEDRAZA;CUERVO;01/02/2010;4;5;20;3;3909162
80231653;OSCAR EDUARDO;MUÑOZ;ROMERO;01/02/2013;5;6;56;4;3843006
52524424;LINA DUMARY;PARDO;MUÑOZ;01/02/2008;5;5;33;1;1844846
10621418;JAINER;SALAZAR;PEREZ;01/02/2013;5;6;24;2;1455181
52811582;NATALIA;RUIZ;RAMIREZ;01/02/2012;5;1;18;3;2123660
10626668;JORGE ENRIQUE;MARTINEZ;GONZALEZ;01/02/2013;1;2;47;4;3825637
1018420611;DIEGO ERNESTO;CLAVIJO;MOLINA;01/02/2009;2;3;42;1;2275793
1030501384;MAURICIO ANDRES;MURILLO;GIRALDO;01/01/2008;3;4;39;2;1755816
23066543;EMMA ELIZABETH ;GUERRERO;DAZA;01/02/2011;4;5;58;3;3243007
1022365140;CAROL FERNANDA;SANCHEZ;ORTEGA;01/01/2008;5;6;26;4;1157893
1010012453;LUIS ANGEL;PAJOY;AGUDELO;01/01/2011;5;1;62;1;3868086
1018421268;EDISON DAVID;AMAYA;SAAVEDRA;01/01/2010;1;2;58;2;2730298
80050016;CARLOS FERNANDO;ACOSTA;LOZANO;01/02/2013;2;3;40;3;3706172
80008065;LUIS HERNANDO;BELTRAN;AMAYA;01/01/2010;3;4;27;4;2211475
1032300148;CAMILA ANDREA;RODRIGUEZ;MORENO;01/02/2010;4;5;67;1;1091362
52440838;MARTHA ISABEL;CRISTANCHO;GONZALEZ;01/01/2013;5;6;43;2;3459239
80001118;ALDEMAR ANDRES;NAVARRO;VELASQUEZ;01/02/2011;5;2;66;3;1126971
1026286144;DANIEL ALEJANDRO ;PINZON;VILLAQUIRAN;01/01/2011;1;3;33;4;2165014
80051283;JOSE RICARDO;ESCOBAR;RESTREPO;01/02/2010;2;4;68;1;1960061
10625440;EDGARD AUGUSTO;PADILLA;ROMERO;01/02/2011;3;5;35;2;2205736
1011163860;JUAN CAMILO ;RODRIGUEZ;DIAZ;01/01/2012;4;6;41;3;2353607
10861034;RICARDO WILLIAM ;SANDOVAL;RUIZ;01/02/2014;1;6;28;4;2850059
